osp_id,reviewer,category,manufacturer,year,test_id,building_code,test_criteria,weight_lbs,a_flx_h,a_rig_h,a_flx_v,a_rig_v,url,notes
OSP-0128,Eric Fagan,Chiller - Air Cooled,Trane,2021,UUT-1,CBC 2019,ICC-ES AC156,2111,2.96,2.22,1.85,0.74,https://hcai.ca.gov/wp-content/uploads/2020/10/OSP-0128-2.pdf,
OSP-0128,Eric Fagan,Chiller - Air Cooled,Trane,2021,UUT-2,CBC 2019,ICC-ES AC156,6500,2.96,2.22,1.85,0.74,https://hcai.ca.gov/wp-content/uploads/2020/10/OSP-0128-2.pdf,
OSP-0373,Eric Fagan,Chiller - Absorption Chiller,BasX,2014,UUT-1,CBC 2013,ICC-ES AC 156,19731,3.52,2.64,1.71,1.68,https://hcai.ca.gov/document/OSP-0373/,
OSP-0478,Eric Fagan,Chiller - Absorption Chiller,Sigler,2016,UUT-1,CBC 2016,ICC-ES AC156,8880,1.3,0.52,0.87,0.35,https://hcai.ca.gov/document/OSP-0478/,
OSP-0391,Eric Fagan,Chiller - Air Cooled,Daikin Applied,2018,UUT-4,CBC 2016,ICC-ES AC156,10150,1.01,0.76,0.53,0.21,https://hcai.ca.gov/document/OSP-0391/,
OSP-0169,Eric Fagan,Chiller - Water Cooled,Dimplex,2021,UUT-1,CBC 2019,ICC-ES AC156,685,3.36,2.52,1.41,0.57,https://hcai.ca.gov/document/OSP-0169/,
OSP-0169,Eric Fagan,Chiller - Water Cooled,Dimplex,2021,UUT-2,CBC 2019,ICC-ES AC156,685,3.36,2.52,1.41,0.57,https://hcai.ca.gov/document/OSP-0169/,
OSP-0169,Eric Fagan,Chiller - Water Cooled,Dimplex,2021,UUT-3,CBC 2019,ICC-ES AC156,3000,3.2,2.4,1.34,0.54,https://hcai.ca.gov/document/OSP-0169/,
OSP-0169,Eric Fagan,Chiller - Water Cooled,Dimplex,2021,UUT-3,CBC 2019,ICC-ES AC156,3000,2.5,1.04,1.68,0.65,https://hcai.ca.gov/document/OSP-0169/,
OSP-0169,Eric Fagan,Chiller - Water Cooled,Dimplex,2021,UUT-4,CBC 2019,ICC-ES AC156,3000,3.2,2.4,1.34,0.54,https://hcai.ca.gov/document/OSP-0169/,
OSP-0169,Eric Fagan,Chiller - Water Cooled,Dimplex,2021,UUT-4,CBC 2019,ICC-ES AC156,3000,2.5,1.04,1.68,0.68,https://hcai.ca.gov/document/OSP-0169/,
OSP-0169,Eric Fagan,Chiller - Water Cooled,Dimplex,2021,UUT-5,CBC 2019,ICC-ES AC156,3926,3.2,2.4,1.34,0.54,https://hcai.ca.gov/document/OSP-0169/,
OSP-0169,Eric Fagan,Chiller - Water Cooled,Dimplex,2021,UUT-5,CBC 2019,ICC-ES AC156,3926,2.5,1.04,1.68,0.68,https://hcai.ca.gov/document/OSP-0169/,
OSP-0169,Eric Fagan,Chiller - Water Cooled,Dimplex,2021,UUT-6,CBC 2019,ICC-ES AC156,< 1,3.2,2.4,1.34,0.54,https://hcai.ca.gov/document/OSP-0169/,
OSP-0169,Eric Fagan,Chiller - Water Cooled,Dimplex,2021,UUT-AR1,CBC 2019,ICC-ES AC156,2940,3.2,2.4,1.34,0.54,https://hcai.ca.gov/document/OSP-0169/,
OSP-0169,Eric Fagan,Chiller - Water Cooled,Dimplex,2021,UUT-AR1,CBC 2019,ICC-ES AC156,2940,2.5,1.04,1.68,0.68,https://hcai.ca.gov/document/OSP-0169/,
OSP-0169,Eric Fagan,Chiller - Water Cooled,Dimplex,2021,UUT-AS1,CBC 2019,ICC-ES AC156,2940,3.2,2.4,1.34,0.54,https://hcai.ca.gov/document/OSP-0169/,
OSP-0169,Eric Fagan,Chiller - Water Cooled,Dimplex,2021,UUT-AS1,CBC 2019,ICC-ES AC156,2940,2.5,1.04,1.68,0.68,https://hcai.ca.gov/document/OSP-0169/,
OSP-0169,Eric Fagan,Chiller - Water Cooled,Dimplex,2021,UUT-AS2,CBC 2019,ICC-ES AC156,4185,3.2,2.4,1.34,0.54,https://hcai.ca.gov/document/OSP-0169/,
OSP-0169,Eric Fagan,Chiller - Water Cooled,Dimplex,2021,UUT-AS2,CBC 2019,ICC-ES AC156,4185,2.5,1.04,1.68,0.68,https://hcai.ca.gov/document/OSP-0169/,
OSP-0173,Eric Fagan,Chiller - Air Cooled,Johnson Thermal Systems,2017,UUT-1,CBC 2016,ICC-ES AC156,866,4.43,3.32,1.86,0.75,https://hcai.ca.gov/document/OSP-0173/,
OSP-0173,Eric Fagan,Chiller - Air Cooled,Johnson Thermal Systems,2017,UUT-2,CBC 2016,ICC-ES AC156,2791,4.8,3.6,2.01,0.81,https://hcai.ca.gov/document/OSP-0173/,
OSP-0034,Eric Fagan,Chiller - Water Cooled,Carrier,2010,EL9038,ASCE 7-05,ICC-ES AC156,Data unavailable,,,,,https://hcai.ca.gov/document/OSP-0034/,
OSP-0034,Eric Fagan,Chiller - Water Cooled,Carrier,2010,CENT-09-0008,ASCE 7-05,ICC-ES AC156,Data unavailable,,,,,https://hcai.ca.gov/document/OSP-0034/,
OSP-0204,Eric Fagan,Chiller - Water Cooled,Multistack,2016,UUT-5,CBC 2016,ICC-ES AC156,15350,2.4,3.2,0.54,1.34,https://hcai.ca.gov/document/OSP-0204/,
OSP-0204,Eric Fagan,Chiller - Water Cooled,Multistack,2016,UUT-6,CBC 2016,ICC-ES AC156,4670,2.4,3.2,0.54,1.34,https://hcai.ca.gov/document/OSP-0204/,
OSP-0204,Eric Fagan,Chiller - Water Cooled,Multistack,2016,UUT-7,CBC 2016,ICC-ES AC156,22300,2.4,3.2,0.54,1.34,https://hcai.ca.gov/document/OSP-0204/,
OSP-0205,Eric Fagan,Chiller - Water Cooled,Trane,2011,,ASCE 7-05,ICC-ES AC156,14937,,,,,https://hcai.ca.gov/document/OSP-0205/,
OSP-0048,Eric Fagan,Chiller - Water Cooled,CLIMACOOL Corp,2021,UUT-1A,CBC 2019,AC 156,1480,3.09,2.32,1.29,0.51,https://hcai.ca.gov/document/OSP-0048/,
OSP-0048,Eric Fagan,Chiller - Water Cooled,CLIMACOOL Corp,2021,UUT-1B,CBC 2019,AC 156,1480,3.09,2.32,1.29,0.51,https://hcai.ca.gov/document/OSP-0048/,
OSP-0048,Eric Fagan,Chiller - Water Cooled,CLIMACOOL Corp,2021,UUT-2A,CBC 2019,AC 156,2450,3.09,2.32,1.29,0.51,https://hcai.ca.gov/document/OSP-0048/,
OSP-0048,Eric Fagan,Chiller - Water Cooled,CLIMACOOL Corp,2021,UUT-2B,CBC 2019,AC 156,2450,3.09,2.32,1.29,0.51,https://hcai.ca.gov/document/OSP-0048/,
OSP-0048,Eric Fagan,Chiller - Water Cooled,CLIMACOOL Corp,2021,UUT-3,CBC 2019,AC 156,50,3.09,2.32,1.29,0.51,https://hcai.ca.gov/document/OSP-0048/,
OSP-0250,Eric Fagan,Chiller - Water Cooled,Johnson Controls,2020,UUT-1,CBC 2016,ICC-ES AC156,1597,4.0,3.0,1.68,0.68,https://hcai.ca.gov/document/OSP-0250/,
OSP-0250,Eric Fagan,Chiller - Air Cooled,Johnson Controls,2020,UUT-2,CBC 2016,ICC-ES AC156,4142,3.2,2.4,1.34,0.54,https://hcai.ca.gov/document/OSP-0250/,
OSP-0260,Eric Fagan,Chiller - Air Cooled,Drake Refrigeration,2023,UUT-1,CBC 2022,ICC-ES AC156,800,4.0,3.0,1.67,0.67,https://hcai.ca.gov/document/OSP-0260/,
OSP-0260,Eric Fagan,Chiller - Air Cooled,Drake Refrigeration,2023,UUT-3,CBC 2022,ICC-ES AC156,2700,4.0,3.0,1.67,0.67,https://hcai.ca.gov/document/OSP-0260/,
OSP-0327,Eric Fagan,Chiller - Air Cooled,Multistack,2020,UUT-2,CBC 2019,ICC-ES AC156,1120,2.51,1.88,1.05,0.042,https://hcai.ca.gov/document/OSP-0327/,
OSP-0327,Eric Fagan,Chiller - Air Cooled,Multistack,2020,UUT-5,CBC 2019,ICC-ES AC156,2030,3.09,2.32,1.29,0.51,https://hcai.ca.gov/document/OSP-0327/,
OSP-0367,Eric Fagan,Chiller - Air Cooled,Trane,2021,UUT-1A,CBC 2019,ICC-ES AC156,10300,2.28,0.91,1.52,0.61,https://hcai.ca.gov/document/OSP-0367/,
OSP-0367,Eric Fagan,Chiller - Air Cooled,Trane,2021,UUT-1B,CBC 2019,ICC-ES AC156,10300,2.28,0.91,1.52,0.61,https://hcai.ca.gov/document/OSP-0367/,
OSP-0367,Eric Fagan,Chiller - Air Cooled,Trane,2021,UUT-2A,CBC 2019,ICC-ES AC156,22000,2.28,0.91,1.52,0.61,https://hcai.ca.gov/document/OSP-0367/,
OSP-0367,Eric Fagan,Chiller - Air Cooled,Trane,2021,UUT-2B,CBC 2019,ICC-ES AC156,22000,2.28,0.91,1.52,0.61,https://hcai.ca.gov/document/OSP-0367/,
OSP-0369,Eric Fagan,Chiller - Air Cooled,Filtrine,2020,UUT-1,CBC 2016,ICC-ES AC156,1170,3.2,2.4,1.33,0.53,https://hcai.ca.gov/document/OSP-0369/,
OSP-0369,Eric Fagan,Chiller - Air Cooled,Filtrine,2020,UUT-2,CBC 2016,ICC-ES AC156,5280,2.56,1.92,1.07,0.43,https://hcai.ca.gov/document/OSP-0369/,
OSP-0398,Eric Fagan,Chiller - Water Cooled,KKT Chillers,2014,UUT-1,CBC 2013,ICC-ES AC156-12,1711,3.2,2.4,1.34,0.54,https://hcai.ca.gov/document/OSP-0398/,
OSP-0398,Eric Fagan,Chiller - Water Cooled,KKT Chillers,2014,UUT-1,CBC 2013,ICC-ES AC156-12,1711,2.6,1.04,1.74,0.7,,
OSP-0398,Eric Fagan,Chiller - Air Cooled,KKT Chillers,2014,UUT-2,CBC 2013,ICC-ES AC156-12,1744,3.2,2.4,1.34,0.54,https://hcai.ca.gov/document/OSP-0398/,
OSP-0398,Eric Fagan,Chiller - Air Cooled,KKT Chillers,2014,UUT-2,CBC 2013,ICC-ES AC156-12,1744,2.6,1.04,1.74,0.7,,
OSP-0398,Eric Fagan,Chiller - Air Cooled,KKT Chillers,2014,UUT-3,CBC 2013,ICC-ES AC156-12,80,3.2,2.4,1.34,0.54,https://hcai.ca.gov/document/OSP-0398/,
OSP-0398,Eric Fagan,Chiller - Air Cooled,KKT Chillers,2014,UUT-3,CBC 2013,ICC-ES AC156-12,80,2.6,1.04,1.74,0.7,,
OSP-0417,Eric Fagan,Chiller - Air Cooled,Trane,2015,UUT-1,CBC 2013,AC156,,3.54,2.65,1.48,0.6,https://hcai.ca.gov/document/OSP-0417/,
OSP-0417,Eric Fagan,Chiller - Air Cooled,Trane,2015,UUT-1,CBC 2013,AC156,,2.3,0.92,1.54,0.62,,
OSP-0417,Eric Fagan,Chiller - Air Cooled,Trane,2015,UUT-2,CBC 2013,AC156,,3.55,2.66,1.49,0.6,https://hcai.ca.gov/document/OSP-0417/,
OSP-0417,Eric Fagan,Chiller - Air Cooled,Trane,2015,UUT-2,CBC 2013,AC156,,2.3,0.92,1.54,0.62,,
OSP-0417,Eric Fagan,Chiller - Air Cooled,Trane,2015,UUT-3,CBC 2013,AC156,,3.65,2.74,1.53,0.62,https://hcai.ca.gov/document/OSP-0417/,
OSP-0417,Eric Fagan,Chiller - Air Cooled,Trane,2015,UUT-3,CBC 2013,AC156,,2.3,0.92,1.54,0.62,,
OSP-0417,Eric Fagan,Chiller - Air Cooled,Trane,2015,UUT-4,CBC 2013,AC156,,3.6,2.7,1.51,0.61,https://hcai.ca.gov/document/OSP-0417/,
OSP-0417,Eric Fagan,Chiller - Air Cooled,Trane,2015,UUT-4,CBC 2013,AC156,,2.3,0.92,1.54,0.62,,
OSP-0489,Eric Fagan,Chiller - Air Cooled,Thermo Fisher Scientific,2017,UUT-1,CBC 2016,ICC-ES AC 156,303,4.53,3.52,1.96,0.78,https://hcai.ca.gov/document/OSP-0489/,
OSP-0279,Eric Fagan,Chiller - Air Cooled,Haskris,2016,UUT-1,CBC 2016,ICC-ES AC156-15,1452,4.16,3.12,1.74,0.7,https://hcai.ca.gov/document/OSP-0279/,
OSP-0279,Eric Fagan,Chiller - Air Cooled,Haskris,2016,UUT-2,CBC 2016,ICC-ES AC156-15,1424,4.16,3.12,1.74,0.7,https://hcai.ca.gov/document/OSP-0279/,
OSP-0279,Eric Fagan,Chiller - Air Cooled,Haskris,2016,UUT-3,CBC 2016,ICC-ES AC156-15,292,4.16,3.12,1.74,0.7,https://hcai.ca.gov/document/OSP-0279/,
OSP-0279,Eric Fagan,Chiller - Air Cooled,Haskris,2016,UUT-4,CBC 2016,ICC-ES AC156-15,315,4.16,3.12,1.74,0.7,https://hcai.ca.gov/document/OSP-0279/,
OSP-0513,Eric Fagan,Chiller - Absorption Chiller,Broad USA,2022,UUT-1,CBC 2022,ICC-ES AC156,45820,3.2,2.4,2.13,0.85,https://hcai.ca.gov/document/OSP-0513/,
OSP-0513,Eric Fagan,Chiller - Air Cooled,Broad USA,2022,UUT-2,CBC 2022,ICC-ES AC156,15565,3.2,2.4,2.13,0.85,https://hcai.ca.gov/document/OSP-0513/,
OSP-0128,Eric Fagan,Chiller - Air Cooled,Trane,2021,UUT-1,CBC 2019,ICC-ES AC156,2111,2.96,2.22,1.85,0.74,https://hcai.ca.gov/document/OSP-0128/,
OSP-0128,Eric Fagan,Chiller - Air Cooled,Trane,2021,UUT-2,CBC 2019,ICC-ES AC156,6500,2.96,2.22,1.85,0.74,https://hcai.ca.gov/document/OSP-0128/,
OSP-0184,Eric Fagan,Chiller - Air Cooled,Carrier,2022,UUT-1 (RAP),CBC 2022,AC156,1029,4.0,3.0,1.67,0.67,https://hcai.ca.gov/document/OSP-0184/,
OSP-0184,Eric Fagan,Chiller - Air Cooled,Carrier,2022,UUT-2 (RAP),CBC 2022,AC156,1410,4.0,3.0,1.67,0.67,https://hcai.ca.gov/document/OSP-0184/,
OSP-0184,Eric Fagan,Chiller - Air Cooled,Carrier,2022,UUT-3 (RAP),CBC 2022,AC156,3062,4.0,3.0,1.67,0.67,https://hcai.ca.gov/document/OSP-0184/,
OSP-0184,Eric Fagan,Chiller - Air Cooled,Carrier,2022,UUT-4 (RAP),CBC 2022,AC156,4100,3.36,2.52,1.4,0.56,https://hcai.ca.gov/document/OSP-0184/,
OSP-0184,Eric Fagan,Chiller - Air Cooled,Carrier,2022,UUT-5 (RAP),CBC 2022,AC156,7500,3.36,2.52,1.4,0.56,https://hcai.ca.gov/document/OSP-0184/,
OSP-0184,Eric Fagan,Chiller - Air Cooled,Carrier,2022,UUT-1 (MP),CBC 2022,AC156,626,2.9,2.17,1.21,0.48,https://hcai.ca.gov/document/OSP-0184/,
OSP-0184,Eric Fagan,Chiller - Air Cooled,Carrier,2022,UUT-2 (MP),CBC 2022,AC156,1190,2.9,2.17,1.21,0.48,https://hcai.ca.gov/document/OSP-0184/,
OSP-0184,Eric Fagan,Chiller - Air Cooled,Carrier,2022,UUT-3 (MP),CBC 2022,AC156,1625,2.9,2.17,1.21,0.48,https://hcai.ca.gov/document/OSP-0184/,
OSP-0184,Eric Fagan,Chiller - Air Cooled,Carrier,2022,UUT-4 (MP),CBC 2022,AC156,1790,2.9,2.17,1.21,0.48,https://hcai.ca.gov/document/OSP-0184/,
OSP-0184,Eric Fagan,Chiller - Air Cooled,Carrier,2022,UUT-5 (MP),CBC 2022,AC156,1055,4.0,3.0,1.67,0.67,https://hcai.ca.gov/document/OSP-0184/,
OSP-0184,Eric Fagan,Chiller - Air Cooled,Carrier,2022,UUT-1b (XA),CBC 2022,AC156,30574,3.2,2.4,1.68,0.68,https://hcai.ca.gov/document/OSP-0184/,
OSP-0184,Eric Fagan,Chiller - Air Cooled,Carrier,2022,UUT-1c (XA),CBC 2022,AC156,30574,1.28,0.96,0.67,0.27,https://hcai.ca.gov/document/OSP-0184/,
OSP-0184,Eric Fagan,Chiller - Air Cooled,Carrier,2022,UUT-2b (XA),CBC 2022,AC156,13596,3.2,2.4,1.68,0.68,https://hcai.ca.gov/document/OSP-0184/,
OSP-0184,Eric Fagan,Chiller - Air Cooled,Carrier,2022,UUT-3 (XA),CBC 2022,AC156,7234,4.0,3.0,1.67,0.67,https://hcai.ca.gov/document/OSP-0184/,
OSP-0184,Eric Fagan,Chiller - Air Cooled,Carrier,2022,UUT-4 (XA),CBC 2022,AC156,21211,3.84,2.88,1.6,0.66,https://hcai.ca.gov/document/OSP-0184/,
OSP-0184,Eric Fagan,Chiller - Air Cooled,Carrier,2022,UUT-5 (XA),CBC 2022,AC156,11280,4.0,3.0,1.67,0.67,https://hcai.ca.gov/document/OSP-0184/,
OSP-0317,Eric Fagan,Chiller - Air Cooled,Johnson Controls,2023,UUT-1,CBC 2022,ICC-ES AC156,13801,3.12,2.34,1.31,0.53,https://hcai.ca.gov/document/OSP-0317/,
OSP-0317,Eric Fagan,Chiller - Air Cooled,Johnson Controls,2023,UUT-2,CBC 2022,ICC-ES AC156,22193,3.12,2.34,1.31,0.53,https://hcai.ca.gov/document/OSP-0317/,
OSP-0317,Eric Fagan,Chiller - Air Cooled,Johnson Controls,2023,UUT-4,CBC 2022,ICC-ES AC156,3900,3.2,2.4,1.68,0.68,https://hcai.ca.gov/document/OSP-0317/,
OSP-0374,Eric Fagan,Chiller - Air Cooled,Johnson Controls,2022,UUT-1,CBC 2019,ICC-ES AC156,10074,4.0,3.0,1.68,0.68,https://hcai.ca.gov/document/OSP-0374/,
OSP-0374,Eric Fagan,Chiller - Air Cooled,Johnson Controls,2022,UUT-2,CBC 2019,ICC-ES AC156,5292,4.0,3.0,1.68,0.68,https://hcai.ca.gov/document/OSP-0374/,
OSP-0374,Eric Fagan,Chiller - Air Cooled,Johnson Controls,2022,UUT-3,CBC 2019,ICC-ES AC156,10900,3.2,2.4,1.68,0.68,https://hcai.ca.gov/document/OSP-0374/,
OSP-0374,Eric Fagan,Chiller - Air Cooled,Johnson Controls,2022,UUT-4,CBC 2019,ICC-ES AC156,3900,3.2,2.4,1.68,0.68,https://hcai.ca.gov/document/OSP-0374/,
OSP-0383,Eric Fagan,Chiller - Air Cooled,Carrier,2023,UUT-1,CBC 2022,AC156,4616,3.2,2.4,1.33,0.54,https://hcai.ca.gov/document/OSP-0383/,
OSP-0383,Eric Fagan,Chiller - Air Cooled,Carrier,2023,UUT-2,CBC 2022,AC156,5449,3.2,2.4,1.33,0.54,https://hcai.ca.gov/document/OSP-0383/,
OSP-0383,Eric Fagan,Chiller - Air Cooled,Carrier,2023,UUT-3,CBC 2022,AC156,16893,3.2,2.4,1.33,0.54,https://hcai.ca.gov/document/OSP-0383/,
OSP-0580,Eric Fagan,Chiller - Air Cooled,Advanced Cooling Technologies,2021,UUT-1,CBC 2019,ICC-ES AC156,640,3.2,2.4,1.68,0.68,https://hcai.ca.gov/document/OSP-0580/,
OSP-0580,Eric Fagan,Chiller - Air Cooled,Advanced Cooling Technologies,2021,UUT-2,CBC 2019,ICC-ES AC156,2130,3.2,2.4,1.68,0.68,https://hcai.ca.gov/document/OSP-0580/,
OSP-0580,Eric Fagan,Chiller - Air Cooled,Advanced Cooling Technologies,2021,UUT-3,CBC 2019,ICC-ES AC156,2920,3.2,2.4,1.68,0.68,https://hcai.ca.gov/document/OSP-0580/,
OSP-0624,Eric Fagan,Chiller - Air Cooled,Multistack,2023,UUT-1,CBC 2022,ICC-ES AC156,2534,3.2,2.4,1.34,0.54,https://hcai.ca.gov/document/OSP-0624/,
OSP-0624,Eric Fagan,Chiller - Air Cooled,Multistack,2023,UUT-2,CBC 2022,ICC-ES AC156,5928,3.2,2.4,1.34,0.54,https://hcai.ca.gov/document/OSP-0624/,
OSP-0673,Eric Fagan,Chiller - Air Cooled,Haskris,2021,UUT-1,CBC 2019,ICC-ES AC156,1080,3.2,2.4,1.68,0.68,https://hcai.ca.gov/document/OSP-0673/,
OSP-0673,Eric Fagan,Chiller - Air Cooled,Haskris,2021,UUT-2a (Neoprene pads),CBC 2019,ICC-ES AC156,4096,3.2,2.4,1.68,0.68,https://hcai.ca.gov/document/OSP-0673/,
OSP-0673,Eric Fagan,Chiller - Air Cooled,Haskris,2021,UUT-2a (Spring Isolators),CBC 2019,ICC-ES AC156,4096,3.2,2.4,1.68,0.68,https://hcai.ca.gov/document/OSP-0673/,
OSP-0758,Eric Fagan,Chiller - Air Cooled,Advanced Cooling Technologies,2023,UUT-1,CBC 2022,ICC-ES AC156,1440,3.2,2.4,1.67,0.67,https://hcai.ca.gov/document/OSP-0758/,
OSP-0170,Eric Fagan,Chiller - CT Scanners,KKT Chillers,2021,UUT-1,CBC 2019,ICC-ES AC156,1651,3.2,2.4,1.44,0.58,https://hcai.ca.gov/document/OSP-0170/,
OSP-0170,Eric Fagan,Chiller - CT Scanners,KKT Chillers,2021,UUT-2,CBC 2019,ICC-ES AC156,148,3.2,2.4,1.67,0.67,https://hcai.ca.gov/document/OSP-0170/,
OSP-0170,Eric Fagan,Chiller - CT Scanners,KKT Chillers,2021,UUTy-1,CBC 2019,ICC-ES AC156,1481,3.2,2.4,1.67,0.67,https://hcai.ca.gov/document/OSP-0170/,
OSP-0170,Eric Fagan,Chiller - CT Scanners,KKT Chillers,2021,UUTy-2,CBC 2019,ICC-ES AC156,163,3.2,2.4,1.67,0.67,https://hcai.ca.gov/document/OSP-0170/,
OSP-0461,Eric Fagan,Chiller - CT Scanners,Siemens,2022,UUT-1,CBC 2019,ICC-ES AC156,1047,3.2,2.4,1.67,0.67,https://hcai.ca.gov/document/OSP-0461/,
OSP-0461,Eric Fagan,Chiller - CT Scanners,Siemens,2022,UUTy-1,CBC 2019,ICC-ES AC156,1102,3.2,2.4,1.67,0.67,https://hcai.ca.gov/document/OSP-0461/,
OSP-0461,Eric Fagan,Chiller - CT Scanners,Siemens,2022,UUTy-2,CBC 2019,ICC-ES AC156,445,3.2,2.4,1.67,0.67,https://hcai.ca.gov/document/OSP-0461/,
OSP-0515,Eric Fagan,Chiller - CT Scanners,KKT Chillers,2022,UUT-1,CBC 2019,ICC-ES AC156,1300,3.2,2.4,1.67,0.67,https://hcai.ca.gov/document/OSP-0515/,
OSP-0515,Eric Fagan,Chiller - CT Scanners,KKT Chillers,2022,UUT-2,CBC 2019,ICC-ES AC156,1620,3.2,2.4,1.67,0.67,https://hcai.ca.gov/document/OSP-0515/,
OSP-0515,Eric Fagan,Chiller - CT Scanners,KKT Chillers,2022,UUT-3,CBC 2019,ICC-ES AC156,120,3.2,2.4,1.67,0.67,https://hcai.ca.gov/document/OSP-0515/,
OSP-0515,Eric Fagan,Chiller - CT Scanners,KKT Chillers,2022,UUT-4,CBC 2019,ICC-ES AC156,11,3.2,2.4,1.67,0.67,https://hcai.ca.gov/document/OSP-0515/,
OSP-0549,Eric Fagan,Chiller - CT Scanners,KKT Chillers,2022,UUT-1,CBC 2019,ICC-ES AC156,1740,3.2,2.4,1.67,0.67,https://hcai.ca.gov/document/OSP-0549/,
OSP-0550,Eric Fagan,Chiller - CT Scanners,KKT Chillers,2022,UUT-2,CBC 2019,ICC-ES AC156,171,3.2,2.4,1.67,0.67,https://hcai.ca.gov/document/OSP-0549/,
OSP-0045,Eric Fagan,Chiller - Water Cooled,Johnson Controls,2023,UUT-1,CBC 2022,ICC-ES AC156,16500,2.96,2.22,1.68,0.68,https://hcai.ca.gov/document/OSP-0045/,
OSP-0045,Eric Fagan,Chiller - Water Cooled,Johnson Controls,2023,UUT-2,CBC 2022,ICC-ES AC156,108000,2.96,2.22,1.68,0.68,https://hcai.ca.gov/document/OSP-0045/,
OSP-0045,Eric Fagan,Chiller - Water Cooled,Johnson Controls,2023,UUT-3,CBC 2022,ICC-ES AC156,20800,,,,,https://hcai.ca.gov/document/OSP-0045/,
OSP-0045,Eric Fagan,Chiller - Water Cooled,Johnson Controls,2023,UUT-4,CBC 2022,ICC-ES AC156,14400,,,,,https://hcai.ca.gov/document/OSP-0045/,
OSP-0045,Eric Fagan,Chiller - Water Cooled,Johnson Controls,2023,UUT-6,CBC 2022,ICC-ES AC156,2104,,,,,https://hcai.ca.gov/document/OSP-0045/,
OSP-0045,Eric Fagan,Chiller - Water Cooled,Johnson Controls,2023,UUT-7,CBC 2022,ICC-ES AC156,2522,,,,,https://hcai.ca.gov/document/OSP-0045/,
OSP-0116,Eric Fagan,Chiller - Water Cooled,Daikin Applied,2023,UUT-1,CBC 2022,ICC-ES AC156,5920,3.2,2.4,-,-,https://hcai.ca.gov/document/OSP-0116/,
OSP-0116,Eric Fagan,Chiller - Water Cooled,Daikin Applied,2023,UUT-2,CBC 2022,ICC-ES AC156,78781,2.56,1.92,1.07,0.43,https://hcai.ca.gov/document/OSP-0116/,
OSP-0116,Eric Fagan,Chiller - Water Cooled,Daikin Applied,2023,UUT-3,CBC 2022,ICC-ES AC156,9555,3.2,2.4,1.67,0.67,https://hcai.ca.gov/document/OSP-0116/,
OSP-0116,Eric Fagan,Chiller - Water Cooled,Daikin Applied,2023,UUT-5,CBC 2022,ICC-ES AC156,9170,3.2,2.4,1.67,0.67,https://hcai.ca.gov/document/OSP-0116/,
OSP-0116,Eric Fagan,Chiller - Water Cooled,Daikin Applied,2023,UUT-6,CBC 2022,ICC-ES AC156,944,3.2,2.4,1.67,0.67,https://hcai.ca.gov/document/OSP-0116/,
OSP-0116,Eric Fagan,Chiller - Water Cooled,Daikin Applied,2023,UUT-7,CBC 2022,ICC-ES AC156,944,3.2,2.4,1.67,0.67,https://hcai.ca.gov/document/OSP-0116/,
OSP-0150,Eric Fagan,Chiller - Water Cooled,Multistack,2022,UUT-1,CBC 2019,ICC-ES AC156,1150,3.09,3.32,1.29,0.51,https://hcai.ca.gov/document/OSP-0150/,
OSP-0150,Eric Fagan,Chiller - Water Cooled,Multistack,2022,UUT-2,CBC 2019,ICC-ES AC156,2270,3.09,2.32,1.29,0.51,https://hcai.ca.gov/document/OSP-0150/,
OSP-0150,Eric Fagan,Chiller - Water Cooled,Multistack,2022,UUT-3,CBC 2019,ICC-ES AC156,5930,3.09,2.32,1.29,0.51,https://hcai.ca.gov/document/OSP-0150/,
OSP-0150,Eric Fagan,Chiller - Water Cooled,Multistack,2022,UUT-4,CBC 2019,ICC-ES AC156,6730,3.09,2.32,1.29,0.51,https://hcai.ca.gov/document/OSP-0150/,
OSP-0150,Eric Fagan,Chiller - Water Cooled,Multistack,2022,UUT-5,CBC 2019,ICC-ES AC156,2520,3.09,2.32,1.29,0.51,https://hcai.ca.gov/document/OSP-0150/,
OSP-0150,Eric Fagan,Chiller - Water Cooled,Multistack,2022,UUT-6,CBC 2019,ICC-ES AC156,310,1.6,1.2,0.67,0.27,https://hcai.ca.gov/document/OSP-0150/,
OSP-0150,Eric Fagan,Chiller - Water Cooled,Multistack,2022,UUT-7,CBC 2019,ICC-ES AC156,2120,1.6,1.2,0.67,0.27,https://hcai.ca.gov/document/OSP-0150/,
OSP-0150,Eric Fagan,Chiller - Water Cooled,Multistack,2022,UUT-8,CBC 2019,ICC-ES AC156,1300,3.2,2.4,1.33,0.53,https://hcai.ca.gov/document/OSP-0150/,
OSP-0150,Eric Fagan,Chiller - Water Cooled,Multistack,2022,UUT-9,CBC 2019,ICC-ES AC156,2750,3.2,2.4,1.33,0.53,https://hcai.ca.gov/document/OSP-0150/,
OSP-0159,Eric Fagan,Chiller - Water Cooled,Johnson Controls,2023,UUT-2a,CBC 2022,ICC-ES AC156,11750,3.2,2.4,1.34,0.54,https://hcai.ca.gov/document/OSP-0159/,
OSP-0159,Eric Fagan,Chiller - Water Cooled,Johnson Controls,2023,UUT-2b,CBC 2022,ICC-ES AC156,11750,3.2,2.4,1.34,0.54,https://hcai.ca.gov/document/OSP-0159/,
OSP-0159,Eric Fagan,Chiller - Water Cooled,Johnson Controls,2023,UUT-3,CBC 2022,ICC-ES AC156,44246,3.2,2.4,1.68,0.68,https://hcai.ca.gov/document/OSP-0159/,
OSP-0159,Eric Fagan,Chiller - Water Cooled,Johnson Controls,2023,UUT-4,CBC 2022,ICC-ES AC156,44246,3.2,2.4,1.68,0.68,https://hcai.ca.gov/document/OSP-0159/,
OSP-0159,Eric Fagan,Chiller - Water Cooled,Johnson Controls,2023,UUT-5,CBC 2022,ICC-ES AC156,9300,,,,,https://hcai.ca.gov/document/OSP-0159/,
OSP-0161,Eric Fagan,Chiller - Water Cooled,Carrier,2022,UUT-1,CBC 2022,AC156,4717,4.0,3.0,1.68,0.68,https://hcai.ca.gov/document/OSP-0161/,
OSP-0161,Eric Fagan,Chiller - Water Cooled,Carrier,2022,UUT-2,CBC 2022,AC156,11029,4.0,3.0,1.68,0.68,https://hcai.ca.gov/document/OSP-0161/,
OSP-0167,Eric Fagan,Chiller - Water Cooled,Smardt,2022,UUT-1,CBC 2022,ICC-ES AC156,21000,3.2,2.4,1.34,0.54,https://hcai.ca.gov/document/OSP-0167/,
OSP-0167,Eric Fagan,Chiller - Water Cooled,Smardt,2022,UUT-2,CBC 2022,ICC-ES AC156,4700,3.2,2.4,1.34,0.54,https://hcai.ca.gov/document/OSP-0167/,
OSP-0167,Eric Fagan,Chiller - Water Cooled,Smardt,2022,UUT-3,CBC 2022,ICC-ES AC156,42800,3.14,2.35,1.31,0.53,https://hcai.ca.gov/document/OSP-0167/,
OSP-0168,Eric Fagan,Chiller - Water Cooled,Trane,2022,UUT-1a,CBC 2022,ICC-ES AC156,69475,1.86,1.39,0.77,0.31,https://hcai.ca.gov/document/OSP-0168/,
OSP-0168,Eric Fagan,Chiller - Water Cooled,Trane,2022,UUT-1b,CBC 2022,ICC-ES AC156,69475,1.86,1.39,0.77,0.31,https://hcai.ca.gov/document/OSP-0168/,
OSP-0168,Eric Fagan,Chiller - Water Cooled,Trane,2022,UUT-2a,CBC 2022,ICC-ES AC156,14370,1.47,1.1,0.62,0.25,https://hcai.ca.gov/document/OSP-0168/,
OSP-0168,Eric Fagan,Chiller - Water Cooled,Trane,2022,UUT-2b,CBC 2022,ICC-ES AC156,14370,2.16,1.62,0.9,0.36,https://hcai.ca.gov/document/OSP-0168/,
OSP-0406,Eric Fagan,Chiller - Water Cooled,Carrier,2023,UUT-1,CBC 2022,AC156,13770,3.2,2.4,1.33,0.54,https://hcai.ca.gov/document/OSP-0406/,
OSP-0406,Eric Fagan,Chiller - Water Cooled,Carrier,2023,UUT-2,CBC 2022,AC156,20223,3.2,2.4,1.33,0.54,https://hcai.ca.gov/document/OSP-0406/,
OSP-0406,Eric Fagan,Chiller - Water Cooled,Carrier,2023,UUT-3,CBC 2022,AC156,20370,3.2,2.4,1.33,0.54,https://hcai.ca.gov/document/OSP-0406/,
OSP-0406,Eric Fagan,Chiller - Water Cooled,Carrier,2023,UUT-4,CBC 2022,AC156,25093,3.2,2.4,1.33,0.54,https://hcai.ca.gov/document/OSP-0406/,
OSP-0548,Eric Fagan,Chiller - Water Cooled,Trane,2022,UUT-1,CBC 2022,ICC-ES AC156,60590,2.32,1.74,1.52,0.61,https://hcai.ca.gov/document/OSP-0548/,
OSP-0548,Eric Fagan,Chiller - Water Cooled,Trane,2022,UUT-2,CBC 2022,ICC-ES AC156,89550,2.32,1.74,1.52,0.61,https://hcai.ca.gov/document/OSP-0548/,
OSP-0601,Eric Fagan,Chiller - Water Cooled,Daikin Applied,2023,UUT-3,CBC 2022,ICC-ES AC156,9555,3.2,2.4,1.67,0.67,https://hcai.ca.gov/document/OSP-0601/,
OSP-0601,Eric Fagan,Chiller - Water Cooled,Daikin Applied,2023,UUT-4,CBC 2022,ICC-ES AC156,48490,3.2,2.4,1.67,0.67,https://hcai.ca.gov/document/OSP-0601/,
OSP-0610,Eric Fagan,Chiller - Water Cooled,Trane,2021,UUT-1,CBC 2019,ICC-ES AC156,21070,1.86,1.39,1.24,0.5,https://hcai.ca.gov/document/OSP-0610/,
OSP-0610,Eric Fagan,Chiller - Water Cooled,Trane,2021,UUT-2,CBC 2019,ICC-ES AC156,67500,1.86,1.39,1.24,0.5,https://hcai.ca.gov/document/OSP-0610/,
OSP-0759,Eric Fagan,Chiller - Water Cooled,Johnson Controls,2023,UUT-1,CBC 2022,ICC-ES AC156,22100,3.06,2.29,1.68,0.68,https://hcai.ca.gov/document/OSP-0759/,
OSP-0026,Eric Fagan,Chiller - Condenser,Carrier,2021,UUT-3,CBC 2019,AC156,15209,3.36,2.52,1.4,0.56,https://hcai.ca.gov/document/OSP-0026/,
OSP-0026,Eric Fagan,Chiller - Condenser,Carrier,2021,UUT-4,CBC 2019,AC156,60401,3.36,2.52,1.4,0.56,https://hcai.ca.gov/document/OSP-0026/,
OSP-0026,Eric Fagan,Chiller - Condenser,Carrier,2021,UUT-5,CBC 2019,AC156,68839,3.36,2.52,1.73,0.69,https://hcai.ca.gov/document/OSP-0026/,
OSP-0026,Eric Fagan,Chiller - Condenser,Carrier,2021,UUT-6a,CBC 2019,AC156,77334,2.64,1.97,1.76,0.71,https://hcai.ca.gov/document/OSP-0026/,
OSP-0026,Eric Fagan,Chiller - Condenser,Carrier,2021,UUT-6b,CBC 2019,AC156,78558,2.64,1.97,1.76,0.71,https://hcai.ca.gov/document/OSP-0026/,
OSP-0026,Eric Fagan,Chiller - Condenser,Carrier,2021,UUT-7,CBC 2019,AC156,106,3.2,2.4,1.67,0.67,https://hcai.ca.gov/document/OSP-0026/,
OSP-0026,Eric Fagan,Chiller - Condenser,Carrier,2021,UUT-8,CBC 2019,AC156,106,3.2,2.4,1.67,0.67,https://hcai.ca.gov/document/OSP-0026/,
OSP-0188,Eric Fagan,Chiller - Water Cooled,Trane,2016,UUT-1a,CBC 2016,ICC-ES AC156,5785,1.6,1.2,0.67,0.27,https://hcai.ca.gov/document/OSP-0188/,
OSP-0188,Eric Fagan,Chiller - Water Cooled,Trane,2016,UUT-1b,CBC 2016,ICC-ES AC156,5785,1.28,0.96,0.53,0.21,https://hcai.ca.gov/document/OSP-0188/,
OSP-0188,Eric Fagan,Chiller - Water Cooled,Trane,2016,UUT-2a,CBC 2016,ICC-ES AC156,10070,1.6,1.2,0.67,0.27,https://hcai.ca.gov/document/OSP-0188/,
OSP-0188,Eric Fagan,Chiller - Water Cooled,Trane,2016,UUT-2b,CBC 2016,ICC-ES AC156,10070,1.28,0.96,0.53,0.21,https://hcai.ca.gov/document/OSP-0188/,
OSP-0190,Eric Fagan,Chiller - Water Cooled,Trane,2011,UUT-1,,ASCE 7-05,8560,,,,,https://hcai.ca.gov/document/OSP-0190/,
OSP-0190,Eric Fagan,Chiller - Water Cooled,Trane,2011,UUT-2,,ASCE 7-05,21641,,,,,https://hcai.ca.gov/document/OSP-0190/,
OSP-0244,Eric Fagan,Chiller - Heat Exchangers,Ameridex,2012,UUT-1,CBC 2010,ICC-ES AC156,1520,2.5,1.0,1.68,0.68,https://hcai.ca.gov/document/OSP-0244/,
OSP-0244,Eric Fagan,Chiller - Heat Exchangers,Ameridex,2012,UUT-2,CBC 2010,ICC-ES AC156,125,3.2,2.4,1.34,0.54,https://hcai.ca.gov/document/OSP-0244/,
OSP-0135,Eric Fagan,Chiller - Air and Water Cooled,Carrier,2010,UUT-1,,ICC-ES AC156,4791,,,,,https://hcai.ca.gov/document/OSP-0135/,
OSP-0135,Eric Fagan,Chiller - Water Cooled,Carrier,2010,UUT-2,,ICC-ES AC156,16893,,,,,https://hcai.ca.gov/document/OSP-0135/,
OSP-0135,Eric Fagan,Chiller - Water Cooled,Carrier,2010,UUT-3,,ICC-ES AC156,20223,,,,,https://hcai.ca.gov/document/OSP-0135/,
OSP-0135,Eric Fagan,Chiller - Water Cooled,Carrier,2010,UUT-4,,ICC-ES AC156,25093,,,,,https://hcai.ca.gov/document/OSP-0135/,
OSP-0581,Eric Fagan,Chiller - Water Cooled,Trane,2020,UUT-1,CBC 2016,ICC-ES AC156,10900,3.2,2.4,1.51,0.61,https://hcai.ca.gov/document/OSP-0581/,
OSP-0581,Eric Fagan,Chiller - Water Cooled,Trane,2020,UUT-2,CBC 2016,ICC-ES AC156,19100,3.2,2.4,1.51,0.61,https://hcai.ca.gov/document/OSP-0581/,
OSP-0364,Eric Fagan,Chiller - Water Cooled,Tecogen,2013,UUT-1a,CBC 2013 ,2012 ICC-ES AC156,11750,3.2,2.4,1.33,0.53,https://hcai.ca.gov/document/OSP-0364/,
OSP-0364,Eric Fagan,Chiller - Water Cooled,Tecogen,2013,UUT-1b,CBC 2013 ,2012 ICC-ES AC156,11750,3.2,2.4,1.33,0.53,https://hcai.ca.gov/document/OSP-0364/,
OSP-0364,Eric Fagan,Chiller - Water Cooled,Tecogen,2013,UUT-2a,CBC 2013 ,2012 ICC-ES AC156,23650,3.2,2.4,1.33,0.53,https://hcai.ca.gov/document/OSP-0364/,
OSP-0364,Eric Fagan,Chiller - Water Cooled,Tecogen,2013,UUT-2b,CBC 2013 ,2012 ICC-ES AC156,23650,3.2,2.4,1.33,0.53,https://hcai.ca.gov/document/OSP-0364/,
OSP-0001,Eric Fagan,Cooling Tower,Baltimore Aircoil Company,2021,UUT D(a),CBC 2016,ICC-ES AC156,4199,3.74,2.81,1.56,0.62,https://hcai.ca.gov/document/OSP-0001,
OSP-0001,Eric Fagan,Cooling Tower,Baltimore Aircoil Company,2021,UUT D(b),CBC 2016,ICC-ES AC156,4199,3.1,2.33,1.29,0.52,https://hcai.ca.gov/document/OSP-0001,
OSP-0001,Eric Fagan,Cooling Tower,Baltimore Aircoil Company,2021,UUT F(a),CBC 2016,ICC-ES AC156,22173,3.2,2.4,1.33,0.53,https://hcai.ca.gov/document/OSP-0001,
OSP-0001,Eric Fagan,Cooling Tower,Baltimore Aircoil Company,2021,UUT F(b),CBC 2016,ICC-ES AC156,22173,3.2,2.4,1.33,0.53,https://hcai.ca.gov/document/OSP-0001,
OSP-0001,Eric Fagan,Cooling Tower,Baltimore Aircoil Company,2021,UUT G(a),CBC 2016,ICC-ES AC156,3400,3.2,2.4,1.33,0.53,https://hcai.ca.gov/document/OSP-0001,
OSP-0001,Eric Fagan,Cooling Tower,Baltimore Aircoil Company,2021,UUT G(b),CBC 2016,ICC-ES AC156,3400,3.2,2.4,1.33,0.53,https://hcai.ca.gov/document/OSP-0001,
OSP-0001,Eric Fagan,Cooling Tower,Baltimore Aircoil Company,2021,UUT H1(a),CBC 2016,ICC-ES AC156,3520,3.2,2.4,1.33,0.53,https://hcai.ca.gov/document/OSP-0001,
OSP-0001,Eric Fagan,Cooling Tower,Baltimore Aircoil Company,2021,UUT H1(b),CBC 2016,ICC-ES AC156,3520,3.2,2.4,1.33,0.53,https://hcai.ca.gov/document/OSP-0001,
OSP-0001,Eric Fagan,Cooling Tower,Baltimore Aircoil Company,2021,UUT H2(a),CBC 2016,ICC-ES AC156,3520,3.2,2.4,1.33,0.53,https://hcai.ca.gov/document/OSP-0001,
OSP-0001,Eric Fagan,Cooling Tower,Baltimore Aircoil Company,2021,UUT H2(b),CBC 2016,ICC-ES AC156,3520,3.2,2.4,1.33,0.53,https://hcai.ca.gov/document/OSP-0001,
OSP-0002,Eric Fagan,Cooling Tower,Baltimore Aircoil Company,2009,UUT A,,ICC-ES AC156,,1.4,0.9,,,http://hcai.ca.gov/document/OSP-0002,
OSP-0002,Eric Fagan,Cooling Tower,Baltimore Aircoil Company,2009,UUT B,,ICC-ES AC156,,1.4,0.9,,,http://hcai.ca.gov/document/OSP-0002,
OSP-0111,Eric Fagan,Cooling Tower,Evapco,2011,UUT-1,IBC 2009,ICC-ES AC156,11000,3.09,2.32,1.29,0.51,http://hcai.ca.gov/document/OSP-0111,
OSP-0111,Eric Fagan,Cooling Tower,Evapco,2011,UUT-2,IBC 2009,ICC-ES AC156,60000,3.09,2.32,1.29,0.51,http://hcai.ca.gov/document/OSP-0111,
OSP-0171,Eric Fagan,Cooling Tower,SPX Marley,2021,UUT-1a,CBC 2016,ICC-ES AC156,8362,2.0,0.8,1.34,0.54,https://hcai.ca.gov/document/OSP-0171,
OSP-0171,Eric Fagan,Cooling Tower,SPX Marley,2021,UUT-2a,CBC 2016,ICC-ES AC156,53156,2.0,0.8,1.34,0.54,https://hcai.ca.gov/document/OSP-0171,
OSP-0171,Eric Fagan,Cooling Tower,SPX Marley,2021,UUT-1b,CBC 2016,ICC-ES AC156,8362,3.2,2.4,1.34,0.54,https://hcai.ca.gov/document/OSP-0171,
OSP-0171,Eric Fagan,Cooling Tower,SPX Marley,2021,UUT-2b,CBC 2016,ICC-ES AC156,53156,3.2,2.4,1.34,0.54,https://hcai.ca.gov/document/OSP-0171,
OSP-0171,Eric Fagan,Cooling Tower,SPX Marley,2021,UUT-3A,CBC 2016,ICC-ES AC156,9000,2.0,0.8,1.34,0.54,https://hcai.ca.gov/document/OSP-0171,
OSP-0171,Eric Fagan,Cooling Tower,SPX Marley,2021,UUT-3B,CBC 2016,ICC-ES AC156,9000,3.2,2.4,1.34,0.54,https://hcai.ca.gov/document/OSP-0171,
OSP-0171,Eric Fagan,Cooling Tower,SPX Marley,2021,UUT-4a,CBC 2016,ICC-ES AC156,54880,2.0,0.8,1.34,0.54,https://hcai.ca.gov/document/OSP-0171,
OSP-0171,Eric Fagan,Cooling Tower,SPX Marley,2021,UUT-4b,CBC 2016,ICC-ES AC156,54880,3.2,2.4,1.34,0.54,https://hcai.ca.gov/document/OSP-0171,
OSP-0224,Eric Fagan,Cooling Tower,Baltimore Aircoil Company,2013,UUT A,CBC 2013,ICC-ES AC156,14881,3.5,2.62,1.45,0.58,http://hcai.ca.gov/document/OSP-0224,
OSP-0224,Eric Fagan,Cooling Tower,Baltimore Aircoil Company,2013,UUT B,CBC 2013,ICC-ES AC156,13684,3.5,2.63,2.33,1.75,http://hcai.ca.gov/document/OSP-0224,
OSP-0224,Eric Fagan,Cooling Tower,Baltimore Aircoil Company,2013,UUT C,CBC 2013,ICC-ES AC156,45731,3.1,2.33,1.29,0.52,http://hcai.ca.gov/document/OSP-0224,
OSP-0289,Eric Fagan,Cooling Tower,Tower Tech,2023,UUT-1a,CBC 2022,ICC-ES AC156,8910,2.4,1.8,1.6,0.64,https://hcai.ca.gov/document/OSP-0289,
OSP-0289,Eric Fagan,Cooling Tower,Tower Tech,2023,UUT-1b,CBC 2022,ICC-ES AC156,7910,4.0,3.0,1.67,0.67,https://hcai.ca.gov/document/OSP-0289,
OSP-0289,Eric Fagan,Cooling Tower,Tower Tech,2023,UUT-2b,CBC 2022,ICC-ES AC156,22200,2.16,1.62,1.53,0.62,https://hcai.ca.gov/document/OSP-0289,
OSP-0289,Eric Fagan,Cooling Tower,Tower Tech,2023,UUT-3a,CBC 2022,ICC-ES AC156,23400,2.0,1.5,1.34,0.54,https://hcai.ca.gov/document/OSP-0289,
OSP-0368,Eric Fagan,Cooling Tower,Baltimore Aircoil Company,2022,UUT-1a,CBC 2019,ICC-ES AC156,14881,3.5,2.62,1.45,0.58,https://hcai.ca.gov/document/OSP-0368,
OSP-0368,Eric Fagan,Cooling Tower,Baltimore Aircoil Company,2022,UUT-1b,CBC 2019,ICC-ES AC156,14881,3.2,2.4,1.33,0.53,https://hcai.ca.gov/document/OSP-0368,
OSP-0368,Eric Fagan,Cooling Tower,Baltimore Aircoil Company,2022,UUT-2a,CBC 2019,ICC-ES AC156,3520,3.2,2.4,2.14,0.86,https://hcai.ca.gov/document/OSP-0368,
OSP-0368,Eric Fagan,Cooling Tower,Baltimore Aircoil Company,2022,UUT-2b,CBC 2019,ICC-ES AC156,3520,3.2,2.4,1.34,0.54,https://hcai.ca.gov/document/OSP-0368,
OSP-0368,Eric Fagan,Cooling Tower,Baltimore Aircoil Company,2022,UUT-3a,CBC 2019,ICC-ES AC156,45731,3.1,2.33,1.29,0.52,https://hcai.ca.gov/document/OSP-0368,
OSP-0368,Eric Fagan,Cooling Tower,Baltimore Aircoil Company,2022,UUT-3b,CBC 2019,ICC-ES AC156,45731,3.1,2.33,1.29,0.52,https://hcai.ca.gov/document/OSP-0368,
OSP-0368,Eric Fagan,Cooling Tower,Baltimore Aircoil Company,2022,UUT-4a,CBC 2019,ICC-ES AC156,4199,3.75,2.81,2.5,1.88,https://hcai.ca.gov/document/OSP-0368,
OSP-0368,Eric Fagan,Cooling Tower,Baltimore Aircoil Company,2022,UUT-4b,CBC 2019,ICC-ES AC156,4199,3.1,2.33,2.07,1.38,https://hcai.ca.gov/document/OSP-0368,
OSP-0368,Eric Fagan,Cooling Tower,Baltimore Aircoil Company,2022,UUT-5a,CBC 2019,ICC-ES AC156,20200,3.2,2.4,2.14,0.86,https://hcai.ca.gov/document/OSP-0368,
OSP-0368,Eric Fagan,Cooling Tower,Baltimore Aircoil Company,2022,UUT-5b,CBC 2019,ICC-ES AC156,20200,3.2,2.4,1.34,0.54,https://hcai.ca.gov/document/OSP-0368,
OSP-0368,Eric Fagan,Cooling Tower,Baltimore Aircoil Company,2022,UUT-6A,CBC 2019,ICC-ES AC156,3400,3.2,2.4,2.14,0.86,https://hcai.ca.gov/document/OSP-0368,
OSP-0368,Eric Fagan,Cooling Tower,Baltimore Aircoil Company,2022,UUT-6B,CBC 2019,ICC-ES AC156,3400,3.2,2.4,1.34,0.54,https://hcai.ca.gov/document/OSP-0368,
OSP-0368,Eric Fagan,Cooling Tower,Baltimore Aircoil Company,2022,UUT-7a,CBC 2019,ICC-ES AC156,3520,3.2,2.4,2.14,0.86,https://hcai.ca.gov/document/OSP-0368,
OSP-0368,Eric Fagan,Cooling Tower,Baltimore Aircoil Company,2022,UUT-7b,CBC 2019,ICC-ES AC156,3520,3.2,2.4,1.34,0.54,https://hcai.ca.gov/document/OSP-0368,
OSP-0368,Eric Fagan,Cooling Tower,Baltimore Aircoil Company,2022,UUT-8a,CBC 2019,ICC-ES AC156,19300,3.1,2.33,1.29,0.52,https://hcai.ca.gov/document/OSP-0368,
OSP-0368,Eric Fagan,Cooling Tower,Baltimore Aircoil Company,2022,UUT-8b,CBC 2019,ICC-ES AC156,19300,3.1,2.33,1.29,0.52,https://hcai.ca.gov/document/OSP-0368,
OSP-0384,Eric Fagan,Cooling Tower,Baltimore Aircoil Company,2021,UUT A1,CBC 2019,ICC-ES AC156,7485,3.36,2.52,1.4,0.56,https://hcai.ca.gov/document/OSP-0384,
OSP-0384,Eric Fagan,Cooling Tower,Baltimore Aircoil Company,2021,UUT A2,CBC 2019,ICC-ES AC156,7485,3.2,2.4,1.33,0.53,https://hcai.ca.gov/document/OSP-0384,
OSP-0384,Eric Fagan,Cooling Tower,Baltimore Aircoil Company,2021,UUT A3,CBC 2019,ICC-ES AC156,7485,3.2,2.4,1.33,0.53,https://hcai.ca.gov/document/OSP-0384,
OSP-0384,Eric Fagan,Cooling Tower,Baltimore Aircoil Company,2021,UUT A4,CBC 2019,ICC-ES AC156,7485,3.36,2.52,1.4,0.56,https://hcai.ca.gov/document/OSP-0384,
OSP-0384,Eric Fagan,Cooling Tower,Baltimore Aircoil Company,2021,UUT B1,CBC 2019,ICC-ES AC156,31844,3.36,2.52,1.4,0.56,https://hcai.ca.gov/document/OSP-0384,
OSP-0384,Eric Fagan,Cooling Tower,Baltimore Aircoil Company,2021,UUT B2,CBC 2019,ICC-ES AC156,31844,3.2,2.4,1.33,0.53,https://hcai.ca.gov/document/OSP-0384,
OSP-0473,Eric Fagan,Cooling Tower,Baltimore Aircoil Company,2022,UUT-1a,CBC 2019,ICC-ES AC156,15720,2.4,1.8,1,0.4,https://hcai.ca.gov/document/OSP-0473,
OSP-0473,Eric Fagan,Cooling Tower,Baltimore Aircoil Company,2022,UUT-1a,CBC 2019,ICC-ES AC156,15720,2.5,1.0,1.67,0.67,https://hcai.ca.gov/document/OSP-0473,
OSP-0473,Eric Fagan,Cooling Tower,Baltimore Aircoil Company,2022,UUT-1b,CBC 2019,ICC-ES AC156,16060,2.4,1.8,1,0.4,https://hcai.ca.gov/document/OSP-0473,
OSP-0473,Eric Fagan,Cooling Tower,Baltimore Aircoil Company,2022,UUT-1b,CBC 2019,ICC-ES AC156,16060,2.5,1.0,1.67,0.67,https://hcai.ca.gov/document/OSP-0473,
OSP-0473,Eric Fagan,Cooling Tower,Baltimore Aircoil Company,2022,UUT-2a,CBC 2019,ICC-ES AC156,51294,2.4,1.8,1,0.4,https://hcai.ca.gov/document/OSP-0473,
OSP-0473,Eric Fagan,Cooling Tower,Baltimore Aircoil Company,2022,UUT-2a,CBC 2019,ICC-ES AC156,51294,2.5,1.0,1.67,0.67,https://hcai.ca.gov/document/OSP-0473,
OSP-0481,Eric Fagan,Cooling Tower,Evapco,2022,UUT-3,CBC 2022,ICC-ES AC156,41790,3.2,2.4,2.14,0.86,https://hcai.ca.gov/document/OSP-0481,
OSP-0481,Eric Fagan,Cooling Tower,Evapco,2022,UUT-5,CBC 2022,ICC-ES AC156,52200,3.2,2.4,2.14,0.86,https://hcai.ca.gov/document/OSP-0481,
OSP-0481,Eric Fagan,Cooling Tower,Evapco,2022,UUT-6,CBC 2022,ICC-ES AC156,6000,,,,,https://hcai.ca.gov/document/OSP-0481,
OSP-0481,Eric Fagan,Cooling Tower,Evapco,2022,UUT-7,CBC 2022,ICC-ES AC156,6000,,,,,https://hcai.ca.gov/document/OSP-0481,
OSP-0481,Eric Fagan,Cooling Tower,Evapco,2022,UUT-8,CBC 2022,ICC-ES AC156,26360,3.1,2.33,2,0.8,https://hcai.ca.gov/document/OSP-0481,
OSP-0488,Eric Fagan,Cooling Tower,Evapco,2023,UUT -1,CBC 2022,ICC-ES AC156,11000,3.09,2.32,1.29,0.52,https://hcai.ca.gov/document/OSP-0488,
OSP-0488,Eric Fagan,Cooling Tower,Evapco,2023,UUT-3,CBC 2022,ICC-ES AC156,41790,3.2,2.4,2.14,0.86,https://hcai.ca.gov/document/OSP-0488,
OSP-0488,Eric Fagan,Cooling Tower,Evapco,2023,UUT-5,CBC 2022,ICC-ES AC156,52200,3.2,2.4,2.14,0.86,https://hcai.ca.gov/document/OSP-0488,
OSP-0488,Eric Fagan,Cooling Tower,Evapco,2023,UUT-8,CBC 2022,ICC-ES AC156,26360,3.1,2.33,2,0.8,https://hcai.ca.gov/document/OSP-0488,
OSP-0618,Eric Fagan,Cooling Tower,Baltimore Aircoil Company,2020,UUT-1a,CBC 2016,ICC-ES AC156,14881,3.5,2.62,1.45,0.58,https://hcai.ca.gov/document/OSP-0618,
OSP-0618,Eric Fagan,Cooling Tower,Baltimore Aircoil Company,2020,UUT-1b,CBC 2016,ICC-ES AC156,14881,3.2,2.4,1.33,0.53,https://hcai.ca.gov/document/OSP-0618,
OSP-0618,Eric Fagan,Cooling Tower,Baltimore Aircoil Company,2020,UUT-2a,CBC 2016,ICC-ES AC156,3520,3.2,2.4,2.14,0.86,https://hcai.ca.gov/document/OSP-0618,
OSP-0618,Eric Fagan,Cooling Tower,Baltimore Aircoil Company,2020,UUT-2b,CBC 2016,ICC-ES AC156,3520,3.2,2.4,1.34,0.54,https://hcai.ca.gov/document/OSP-0618,
OSP-0618,Eric Fagan,Cooling Tower,Baltimore Aircoil Company,2020,UUT-3a,CBC 2016,ICC-ES AC156,45731,3.1,2.33,1.29,0.52,https://hcai.ca.gov/document/OSP-0618,
OSP-0618,Eric Fagan,Cooling Tower,Baltimore Aircoil Company,2020,UUT-3b,CBC 2016,ICC-ES AC156,45731,3.1,2.33,1.29,0.52,https://hcai.ca.gov/document/OSP-0618,
OSP-0618,Eric Fagan,Cooling Tower,Baltimore Aircoil Company,2020,UUT-4a,CBC 2016,ICC-ES AC156,4199,3.75,2.81,2.5,1.88,https://hcai.ca.gov/document/OSP-0618,
OSP-0618,Eric Fagan,Cooling Tower,Baltimore Aircoil Company,2020,UUT-4b,CBC 2016,ICC-ES AC156,4199,3.1,2.33,2.07,1.38,https://hcai.ca.gov/document/OSP-0618,
OSP-0618,Eric Fagan,Cooling Tower,Baltimore Aircoil Company,2020,UUT-5a,CBC 2016,ICC-ES AC156,20200,3.2,2.4,2.14,0.86,https://hcai.ca.gov/document/OSP-0618,
OSP-0618,Eric Fagan,Cooling Tower,Baltimore Aircoil Company,2020,UUT-5b,CBC 2016,ICC-ES AC156,20200,3.2,2.4,1.34,0.54,https://hcai.ca.gov/document/OSP-0618,
OSP-0618,Eric Fagan,Cooling Tower,Baltimore Aircoil Company,2020,UUT-6A,CBC 2016,ICC-ES AC156,3400,3.2,2.4,2.14,0.86,https://hcai.ca.gov/document/OSP-0618,
OSP-0618,Eric Fagan,Cooling Tower,Baltimore Aircoil Company,2020,UUT-6B,CBC 2016,ICC-ES AC156,3400,3.2,2.4,1.34,0.54,https://hcai.ca.gov/document/OSP-0618,
OSP-0618,Eric Fagan,Cooling Tower,Baltimore Aircoil Company,2020,UUT-7a,CBC 2016,ICC-ES AC156,3520,3.2,2.4,2.14,0.86,https://hcai.ca.gov/document/OSP-0618,
OSP-0618,Eric Fagan,Cooling Tower,Baltimore Aircoil Company,2020,UUT-7b,CBC 2016,ICC-ES AC156,3520,3.2,2.4,1.34,0.54,https://hcai.ca.gov/document/OSP-0618,
OSP-0618,Eric Fagan,Cooling Tower,Baltimore Aircoil Company,2020,UUT-8a,CBC 2016,ICC-ES AC156,19300,3.1,2.33,1.29,0.52,https://hcai.ca.gov/document/OSP-0618,
OSP-0618,Eric Fagan,Cooling Tower,Baltimore Aircoil Company,2020,UUT-8b,CBC 2016,ICC-ES AC156,19300,3.1,2.33,1.29,0.52,https://hcai.ca.gov/document/OSP-0618,
OSP-0618,Eric Fagan,Cooling Tower,Baltimore Aircoil Company,2020,UUT-9a,CBC 2016,ICC-ES AC156,23200,5.65,4.24,2.35,0.94,https://hcai.ca.gov/document/OSP-0618,
OSP-0618,Eric Fagan,Cooling Tower,Baltimore Aircoil Company,2020,UUT-9b,CBC 2016,ICC-ES AC156,24400,5.65,4.24,2.35,0.94,https://hcai.ca.gov/document/OSP-0618,
